n_topics,coherence_score
65,1.2850456605716523
70,1.3027106264641632
75,1.294669702372615
