n_topics,coherence_score
50,1.2409619001968677
60,1.2653381358576765
70,1.3027106264641632
80,1.2846887672679093
90,1.2595836017500055
100,1.3014405507033715
